Orthogroup	Danio_rerio	Drosophila_melanogaster	Homo_sapiens	Mus_musculus	Takifugu_rubripes	Xenopus_tropicalis
OG0000000	ENSDARG00000035116.6, ENSDARG00000035221.8, ENSDARG00000040141.7, ENSDARG00000044847.7, ENSDARG00000058562.8, ENSDARG00000058566.6, ENSDARG00000069796.7, ENSDARG00000071581.7, ENSDARG00000073915.4, ENSDARG00000074544.5, ENSDARG00000074768.4, ENSDARG00000074820.5, ENSDARG00000076255.5, ENSDARG00000077712.4, ENSDARG00000078281.3, ENSDARG00000078476.5, ENSDARG00000079236.5, ENSDARG00000079760.3, ENSDARG00000086296.5, ENSDARG00000086720.3, ENSDARG00000086831.4, ENSDARG00000087046.6, ENSDARG00000087544.3, ENSDARG00000088214.4, ENSDARG00000088298.5, ENSDARG00000088331.5, ENSDARG00000088640.4, ENSDARG00000088847.3, ENSDARG00000088861.4, ENSDARG00000088961.4, ENSDARG00000089607.3, ENSDARG00000089947.3, ENSDARG00000090116.4, ENSDARG00000090769.4, ENSDARG00000091025.3, ENSDARG00000091243.4, ENSDARG00000091679.3, ENSDARG00000092000.5, ENSDARG00000092139.3, ENSDARG00000092436.3, ENSDARG00000092471.4, ENSDARG00000092583.4, ENSDARG00000092596.5, ENSDARG00000092784.3, ENSDARG00000092968.5, ENSDARG00000093165.4, ENSDARG00000093220.3, ENSDARG00000093378.4, ENSDARG00000093424.4, ENSDARG00000093831.6, ENSDARG00000094017.4, ENSDARG00000094175.4, ENSDARG00000094177.5, ENSDARG00000094308.4, ENSDARG00000094427.2, ENSDARG00000094443.3, ENSDARG00000094903.4, ENSDARG00000095521.4, ENSDARG00000095745.3, ENSDARG00000095997.2, ENSDARG00000096000.2, ENSDARG00000096005.2, ENSDARG00000096011.4, ENSDARG00000096012.3, ENSDARG00000096034.2, ENSDARG00000096107.3, ENSDARG00000096172.2, ENSDARG00000096186.3, ENSDARG00000096188.2, ENSDARG00000096708.4, ENSDARG00000097091.2, ENSDARG00000097098.2, ENSDARG00000097521.3, ENSDARG00000097808.3, ENSDARG00000097842.2, ENSDARG00000098021.2, ENSDARG00000098094.2, ENSDARG00000098122.2, ENSDARG00000098142.2, ENSDARG00000098144.2, ENSDARG00000098193.2, ENSDARG00000098199.2, ENSDARG00000098248.2, ENSDARG00000098426.2, ENSDARG00000098510.2, ENSDARG00000098664.2, ENSDARG00000098758.2, ENSDARG00000098876.2, ENSDARG00000098923.2, ENSDARG00000098958.2, ENSDARG00000098991.2, ENSDARG00000099090.2, ENSDARG00000099172.2, ENSDARG00000099173.2, ENSDARG00000099277.2, ENSDARG00000099331.2, ENSDARG00000099444.2, ENSDARG00000099583.2, ENSDARG00000099731.2, ENSDARG00000099837.2, ENSDARG00000099845.3, ENSDARG00000099917.2, ENSDARG00000100112.2, ENSDARG00000100142.2, ENSDARG00000100148.2, ENSDARG00000100214.2, ENSDARG00000100335.2, ENSDARG00000100415.2, ENSDARG00000100421.2, ENSDARG00000100434.2, ENSDARG00000100479.3, ENSDARG00000100686.2, ENSDARG00000100723.3, ENSDARG00000100803.3, ENSDARG00000100896.2, ENSDARG00000100995.2, ENSDARG00000101165.2, ENSDARG00000101292.3, ENSDARG00000101497.2, ENSDARG00000101524.3, ENSDARG00000101528.2, ENSDARG00000101623.2, ENSDARG00000101634.2, ENSDARG00000101760.2, ENSDARG00000101817.2, ENSDARG00000101842.3, ENSDARG00000101843.2, ENSDARG00000101946.2, ENSDARG00000102139.2, ENSDARG00000102156.3, ENSDARG00000102282.2, ENSDARG00000102316.2, ENSDARG00000102363.2, ENSDARG00000102370.2, ENSDARG00000102401.2, ENSDARG00000102411.2, ENSDARG00000102455.2, ENSDARG00000102559.2, ENSDARG00000102635.3, ENSDARG00000102658.2, ENSDARG00000102884.2, ENSDARG00000102999.3, ENSDARG00000103247.2, ENSDARG00000103400.2, ENSDARG00000103405.2, ENSDARG00000103417.2, ENSDARG00000103439.2, ENSDARG00000103450.2, ENSDARG00000103458.3, ENSDARG00000103497.2, ENSDARG00000103530.3, ENSDARG00000103689.2, ENSDARG00000103947.2, ENSDARG00000104006.2, ENSDARG00000104038.2, ENSDARG00000104041.3, ENSDARG00000104294.2, ENSDARG00000104561.2, ENSDARG00000104584.2, ENSDARG00000104697.2, ENSDARG00000104737.2, ENSDARG00000104887.2, ENSDARG00000104888.2, ENSDARG00000104892.2, ENSDARG00000104894.2, ENSDARG00000104985.2, ENSDARG00000105038.2, ENSDARG00000105074.2, ENSDARG00000105173.2, ENSDARG00000106565.2, ENSDARG00000106667.2, ENSDARG00000107177.2, ENSDARG00000108812.2, ENSDARG00000109251.1, ENSDARG00000109339.1, ENSDARG00000109366.1, ENSDARG00000109466.1, ENSDARG00000109604.1, ENSDARG00000109697.1, ENSDARG00000109703.1, ENSDARG00000109749.1, ENSDARG00000109821.1, ENSDARG00000109840.1, ENSDARG00000110003.1, ENSDARG00000110008.1, ENSDARG00000110372.1, ENSDARG00000110433.1, ENSDARG00000110454.1, ENSDARG00000110637.1, ENSDARG00000110670.1, ENSDARG00000110787.1, ENSDARG00000110852.1, ENSDARG00000110946.1, ENSDARG00000111026.1, ENSDARG00000111046.1, ENSDARG00000111442.1, ENSDARG00000111465.1, ENSDARG00000111506.1, ENSDARG00000111659.1, ENSDARG00000111731.1, ENSDARG00000111824.1, ENSDARG00000111875.1, ENSDARG00000111979.1, ENSDARG00000111998.1, ENSDARG00000112043.1, ENSDARG00000112061.1, ENSDARG00000112070.1, ENSDARG00000112369.1, ENSDARG00000112449.1, ENSDARG00000112473.1, ENSDARG00000112541.1, ENSDARG00000112878.1, ENSDARG00000112884.1, ENSDARG00000113005.1, ENSDARG00000113011.1, ENSDARG00000113016.1, ENSDARG00000113022.1, ENSDARG00000113141.1, ENSDARG00000113564.1, ENSDARG00000113582.1, ENSDARG00000113713.1, ENSDARG00000113769.1, ENSDARG00000113780.1, ENSDARG00000114108.1, ENSDARG00000114124.1, ENSDARG00000114172.1, ENSDARG00000114211.1, ENSDARG00000114236.1, ENSDARG00000114396.1, ENSDARG00000114521.1, ENSDARG00000114536.1, ENSDARG00000114645.1, ENSDARG00000114646.1, ENSDARG00000114716.1, ENSDARG00000114783.1, ENSDARG00000114893.1, ENSDARG00000114894.1, ENSDARG00000114908.1, ENSDARG00000115017.1, ENSDARG00000115096.1, ENSDARG00000115220.1, ENSDARG00000115456.1, ENSDARG00000115564.1, ENSDARG00000115588.1, ENSDARG00000115818.1, ENSDARG00000115857.1, ENSDARG00000116181.1, ENSDARG00000116271.1, ENSDARG00000116570.1, ENSDARG00000116625.1, ENSDARG00000116692.1, ENSDARG00000116717.1, ENSDARG00000116723.1, ENSDARG00000116815.1, ENSDARG00000116992.1, ENSDARG00000117076.1, ENSDARG00000117096.1, ENSDARG00000117113.1, ENSDARG00000117132.1, ENSDARG00000117156.1, ENSDARG00000117163.1	FBgn0039808	ENSG00000187792.5		ENSTRUG00000019926.1	
OG0000001	ENSDARG00000111643.1, ENSDARG00000116298.1, ENSDARG00000117168.1				ENSTRUG00000024048.1	ENSXETG00000000012.1, ENSXETG00000000052.1, ENSXETG00000000060.1, ENSXETG00000000078.1, ENSXETG00000000183.1, ENSXETG00000000188.1, ENSXETG00000000252.1, ENSXETG00000000280.1, ENSXETG00000000288.1, ENSXETG00000000354.1, ENSXETG00000000382.1, ENSXETG00000000475.1, ENSXETG00000000562.1, ENSXETG00000000732.1, ENSXETG00000000794.1, ENSXETG00000000837.1, ENSXETG00000000972.1, ENSXETG00000001019.1, ENSXETG00000001121.1, ENSXETG00000001182.1, ENSXETG00000001239.1, ENSXETG00000001274.1, ENSXETG00000001300.1, ENSXETG00000001448.1, ENSXETG00000001515.1, ENSXETG00000001520.1, ENSXETG00000001737.1, ENSXETG00000001780.1, ENSXETG00000001812.1, ENSXETG00000001861.1, ENSXETG00000002060.1, ENSXETG00000002065.1, ENSXETG00000002136.1, ENSXETG00000002156.1, ENSXETG00000002174.1, ENSXETG00000002211.1, ENSXETG00000002487.1, ENSXETG00000002614.1, ENSXETG00000002873.1, ENSXETG00000003035.1, ENSXETG00000003052.1, ENSXETG00000003103.1, ENSXETG00000003155.1, ENSXETG00000003157.1, ENSXETG00000003170.1, ENSXETG00000003315.1, ENSXETG00000003354.1, ENSXETG00000003436.1, ENSXETG00000003508.1, ENSXETG00000003557.1, ENSXETG00000003630.1, ENSXETG00000003693.1, ENSXETG00000003747.1, ENSXETG00000003766.1, ENSXETG00000003779.1, ENSXETG00000003854.1, ENSXETG00000003937.1, ENSXETG00000004150.1, ENSXETG00000004210.1, ENSXETG00000004270.1, ENSXETG00000004273.1, ENSXETG00000004340.1, ENSXETG00000004354.1, ENSXETG00000004434.1, ENSXETG00000004512.1, ENSXETG00000004520.1, ENSXETG00000004627.1, ENSXETG00000004801.1, ENSXETG00000005346.1, ENSXETG00000005599.1, ENSXETG00000005662.1, ENSXETG00000005910.1, ENSXETG00000005916.1, ENSXETG00000006195.1, ENSXETG00000006368.1, ENSXETG00000006667.1, ENSXETG00000006690.1, ENSXETG00000006786.1, ENSXETG00000006841.1, ENSXETG00000006887.1, ENSXETG00000006934.1, ENSXETG00000006950.1, ENSXETG00000007219.1, ENSXETG00000007256.1, ENSXETG00000007392.1, ENSXETG00000007486.1, ENSXETG00000007513.1, ENSXETG00000007745.1, ENSXETG00000007795.1, ENSXETG00000007924.1, ENSXETG00000008061.1, ENSXETG00000008066.1, ENSXETG00000008092.1, ENSXETG00000008130.1, ENSXETG00000008369.1, ENSXETG00000008426.1, ENSXETG00000008440.1, ENSXETG00000008441.1, ENSXETG00000008670.1, ENSXETG00000008870.1, ENSXETG00000008975.1, ENSXETG00000009071.1, ENSXETG00000009164.1, ENSXETG00000009234.1, ENSXETG00000009247.1, ENSXETG00000009321.1, ENSXETG00000009336.1, ENSXETG00000009355.1, ENSXETG00000009458.1, ENSXETG00000009469.1, ENSXETG00000009498.1, ENSXETG00000009559.1, ENSXETG00000009583.1, ENSXETG00000009709.1, ENSXETG00000009740.1, ENSXETG00000009774.1, ENSXETG00000009883.1, ENSXETG00000010066.1, ENSXETG00000010068.1, ENSXETG00000010098.1, ENSXETG00000010101.1, ENSXETG00000010128.1, ENSXETG00000010135.1, ENSXETG00000010346.1, ENSXETG00000010459.1, ENSXETG00000010475.1, ENSXETG00000010524.1, ENSXETG00000010525.1, ENSXETG00000010533.1, ENSXETG00000010635.1, ENSXETG00000010647.1, ENSXETG00000010893.1, ENSXETG00000010911.1, ENSXETG00000011210.1, ENSXETG00000011580.1, ENSXETG00000011753.1, ENSXETG00000011863.1, ENSXETG00000011885.1, ENSXETG00000011899.1, ENSXETG00000011917.1, ENSXETG00000011963.1, ENSXETG00000011965.1, ENSXETG00000011978.1, ENSXETG00000012049.1, ENSXETG00000012105.1, ENSXETG00000012130.1, ENSXETG00000012237.1, ENSXETG00000012243.1, ENSXETG00000012250.1, ENSXETG00000012264.1, ENSXETG00000012371.1, ENSXETG00000012572.1, ENSXETG00000012858.1, ENSXETG00000013066.1, ENSXETG00000013070.1, ENSXETG00000013098.1, ENSXETG00000013102.1, ENSXETG00000013156.1, ENSXETG00000013242.1, ENSXETG00000013261.1, ENSXETG00000013330.1, ENSXETG00000013430.1, ENSXETG00000013544.1, ENSXETG00000013564.1, ENSXETG00000013611.1, ENSXETG00000013671.1, ENSXETG00000013716.1, ENSXETG00000013769.1, ENSXETG00000013854.1, ENSXETG00000013926.1, ENSXETG00000013959.1, ENSXETG00000014176.1, ENSXETG00000014190.1, ENSXETG00000014235.1, ENSXETG00000014356.1, ENSXETG00000014509.1, ENSXETG00000014591.1, ENSXETG00000014675.1, ENSXETG00000014713.1, ENSXETG00000014834.1, ENSXETG00000015258.1, ENSXETG00000015264.1, ENSXETG00000015415.1, ENSXETG00000015497.1, ENSXETG00000015680.1, ENSXETG00000015814.1, ENSXETG00000015864.1, ENSXETG00000016062.1, ENSXETG00000016184.1, ENSXETG00000016266.1, ENSXETG00000016295.1, ENSXETG00000016423.1, ENSXETG00000016442.1, ENSXETG00000016460.1, ENSXETG00000016556.1, ENSXETG00000016617.1, ENSXETG00000016753.1, ENSXETG00000016847.1, ENSXETG00000016895.1, ENSXETG00000016916.1, ENSXETG00000016919.1, ENSXETG00000017007.1, ENSXETG00000017013.1, ENSXETG00000017201.1, ENSXETG00000017299.1, ENSXETG00000017442.1, ENSXETG00000017612.1, ENSXETG00000017753.1, ENSXETG00000017762.1, ENSXETG00000017841.1, ENSXETG00000018011.1, ENSXETG00000018042.1, ENSXETG00000018145.1, ENSXETG00000018343.1, ENSXETG00000018347.1, ENSXETG00000018394.1, ENSXETG00000018520.1, ENSXETG00000018554.1, ENSXETG00000018562.1, ENSXETG00000018658.1, ENSXETG00000018703.1, ENSXETG00000018756.1, ENSXETG00000018827.1, ENSXETG00000018830.1, ENSXETG00000019072.1, ENSXETG00000019237.1, ENSXETG00000019238.1, ENSXETG00000019348.1, ENSXETG00000019445.1, ENSXETG00000019463.1, ENSXETG00000019512.1, ENSXETG00000019533.1, ENSXETG00000019542.1, ENSXETG00000019559.1, ENSXETG00000019652.1, ENSXETG00000019733.1, ENSXETG00000019751.1, ENSXETG00000019865.1, ENSXETG00000019981.1, ENSXETG00000020062.1, ENSXETG00000020177.1, ENSXETG00000020178.1, ENSXETG00000020183.1, ENSXETG00000020263.1, ENSXETG00000020388.1, ENSXETG00000020423.1, ENSXETG00000020439.1, ENSXETG00000020470.1, ENSXETG00000020617.1, ENSXETG00000020716.1, ENSXETG00000020758.1, ENSXETG00000020841.1, ENSXETG00000021043.1, ENSXETG00000021069.1, ENSXETG00000021273.1, ENSXETG00000021340.1, ENSXETG00000021392.1, ENSXETG00000021393.1
OG0000002	ENSDARG00000008906.10, ENSDARG00000053695.6, ENSDARG00000054957.8, ENSDARG00000069957.7, ENSDARG00000073708.4, ENSDARG00000074009.5, ENSDARG00000074298.7, ENSDARG00000075417.5, ENSDARG00000075470.6, ENSDARG00000076252.4, ENSDARG00000076272.4, ENSDARG00000076442.5, ENSDARG00000077205.6, ENSDARG00000078728.5, ENSDARG00000079222.4, ENSDARG00000080016.5, ENSDARG00000086223.4, ENSDARG00000086449.4, ENSDARG00000086494.4, ENSDARG00000087453.4, ENSDARG00000087645.6, ENSDARG00000088000.4, ENSDARG00000088084.5, ENSDARG00000088915.4, ENSDARG00000089092.4, ENSDARG00000089142.5, ENSDARG00000089158.4, ENSDARG00000089598.4, ENSDARG00000089715.4, ENSDARG00000089814.4, ENSDARG00000089875.4, ENSDARG00000090366.5, ENSDARG00000090942.3, ENSDARG00000090998.4, ENSDARG00000091393.4, ENSDARG00000091477.4, ENSDARG00000091841.4, ENSDARG00000091869.5, ENSDARG00000091994.5, ENSDARG00000092080.3, ENSDARG00000092241.5, ENSDARG00000092507.4, ENSDARG00000092608.4, ENSDARG00000092938.3, ENSDARG00000093143.4, ENSDARG00000093254.4, ENSDARG00000093713.5, ENSDARG00000093865.3, ENSDARG00000093994.4, ENSDARG00000094034.5, ENSDARG00000094551.4, ENSDARG00000094558.5, ENSDARG00000094612.5, ENSDARG00000094653.5, ENSDARG00000094888.4, ENSDARG00000095030.4, ENSDARG00000095126.4, ENSDARG00000095135.5, ENSDARG00000095149.4, ENSDARG00000095605.2, ENSDARG00000095993.2, ENSDARG00000096001.3, ENSDARG00000096014.4, ENSDARG00000096030.4, ENSDARG00000096041.2, ENSDARG00000096120.3, ENSDARG00000096141.2, ENSDARG00000096189.2, ENSDARG00000096210.4, ENSDARG00000096222.2, ENSDARG00000096226.3, ENSDARG00000096828.2, ENSDARG00000096941.2, ENSDARG00000097086.4, ENSDARG00000097215.4, ENSDARG00000097442.3, ENSDARG00000097620.2, ENSDARG00000097928.3, ENSDARG00000098027.2, ENSDARG00000098031.3, ENSDARG00000098071.2, ENSDARG00000098087.3, ENSDARG00000098196.2, ENSDARG00000098270.2, ENSDARG00000098281.2, ENSDARG00000098362.2, ENSDARG00000098389.3, ENSDARG00000098430.2, ENSDARG00000098536.2, ENSDARG00000098811.2, ENSDARG00000098901.2, ENSDARG00000098986.3, ENSDARG00000098987.2, ENSDARG00000099048.3, ENSDARG00000099245.2, ENSDARG00000099346.3, ENSDARG00000099670.2, ENSDARG00000099736.2, ENSDARG00000099945.4, ENSDARG00000100001.3, ENSDARG00000100257.3, ENSDARG00000100329.2, ENSDARG00000100502.2, ENSDARG00000100509.2, ENSDARG00000100652.2, ENSDARG00000100653.2, ENSDARG00000100761.2, ENSDARG00000100793.2, ENSDARG00000100842.3, ENSDARG00000100961.2, ENSDARG00000101137.3, ENSDARG00000101193.3, ENSDARG00000101245.3, ENSDARG00000101327.2, ENSDARG00000101365.3, ENSDARG00000101690.3, ENSDARG00000101756.2, ENSDARG00000101807.3, ENSDARG00000101829.2, ENSDARG00000101883.3, ENSDARG00000102008.3, ENSDARG00000102027.3, ENSDARG00000102154.3, ENSDARG00000102449.2, ENSDARG00000102473.3, ENSDARG00000102480.3, ENSDARG00000102561.2, ENSDARG00000102581.3, ENSDARG00000102600.3, ENSDARG00000102673.2, ENSDARG00000102679.3, ENSDARG00000102791.2, ENSDARG00000102800.2, ENSDARG00000102837.2, ENSDARG00000103172.2, ENSDARG00000103244.3, ENSDARG00000103310.2, ENSDARG00000103375.3, ENSDARG00000103441.2, ENSDARG00000103471.2, ENSDARG00000103495.2, ENSDARG00000103527.2, ENSDARG00000103636.3, ENSDARG00000103721.2, ENSDARG00000103751.3, ENSDARG00000103850.3, ENSDARG00000103865.3, ENSDARG00000104013.3, ENSDARG00000104074.2, ENSDARG00000104124.3, ENSDARG00000104208.3, ENSDARG00000104262.3, ENSDARG00000104335.2, ENSDARG00000104407.2, ENSDARG00000104678.3, ENSDARG00000105019.3, ENSDARG00000105058.2, ENSDARG00000105067.3, ENSDARG00000105137.2, ENSDARG00000105306.2, ENSDARG00000105689.2, ENSDARG00000105692.2, ENSDARG00000105696.2, ENSDARG00000105713.3, ENSDARG00000105728.2, ENSDARG00000105781.2, ENSDARG00000105784.2, ENSDARG00000105806.2, ENSDARG00000105816.2, ENSDARG00000105831.2, ENSDARG00000105834.2, ENSDARG00000107425.2, ENSDARG00000108175.2, ENSDARG00000109327.1, ENSDARG00000109381.1, ENSDARG00000109802.1, ENSDARG00000109864.1, ENSDARG00000110229.1, ENSDARG00000110466.1, ENSDARG00000110658.1, ENSDARG00000110769.1, ENSDARG00000110802.1, ENSDARG00000111550.1, ENSDARG00000111831.1, ENSDARG00000111940.1, ENSDARG00000112103.1, ENSDARG00000112126.1, ENSDARG00000112586.1, ENSDARG00000112725.1, ENSDARG00000112874.1, ENSDARG00000112940.1, ENSDARG00000113294.1, ENSDARG00000113808.1, ENSDARG00000113837.1, ENSDARG00000113971.1, ENSDARG00000114437.1, ENSDARG00000114700.1, ENSDARG00000114793.1, ENSDARG00000114947.1, ENSDARG00000115450.1, ENSDARG00000115506.1, ENSDARG00000115655.1, ENSDARG00000116177.1, ENSDARG00000116216.1, ENSDARG00000116920.1					ENSXETG00000003448.1
OG0000003	ENSDARG00000040601.5, ENSDARG00000074062.4, ENSDARG00000074928.5, ENSDARG00000078763.4, ENSDARG00000113786.1		ENSG00000211598.2, ENSG00000211611.2, ENSG00000211625.2, ENSG00000211626.2, ENSG00000211632.4, ENSG00000224041.3, ENSG00000225523.2, ENSG00000228325.5, ENSG00000231292.6, ENSG00000233999.3, ENSG00000239819.2, ENSG00000239855.1, ENSG00000239862.1, ENSG00000239951.1, ENSG00000239975.2, ENSG00000240382.3, ENSG00000240671.4, ENSG00000240864.3, ENSG00000241244.1, ENSG00000241351.3, ENSG00000241755.1, ENSG00000242076.2, ENSG00000242371.1, ENSG00000242534.2, ENSG00000242580.1, ENSG00000242766.1, ENSG00000243063.1, ENSG00000243264.2, ENSG00000243290.3, ENSG00000243466.1, ENSG00000244116.3, ENSG00000244437.1, ENSG00000244575.3, ENSG00000250036.1, ENSG00000251546.1, ENSG00000275777.3, ENSG00000276566.1, ENSG00000278857.1, ENSG00000281078.1, ENSG00000281759.1, ENSG00000281978.1, ENSG00000282025.1, ENSG00000282120.1, ENSG00000282163.1, ENSG00000282210.1, ENSG00000282282.1, ENSG00000282310.1, ENSG00000282394.1, ENSG00000282402.1, ENSG00000282447.1, ENSG00000282666.1, ENSG00000282694.3, ENSG00000282758.1, ENSG00000282801.1, ENSG00000282811.1, ENSG00000282823.1, ENSG00000283113.2	ENSMUSG00000076512.2, ENSMUSG00000076522.2, ENSMUSG00000076523.2, ENSMUSG00000076526.6, ENSMUSG00000076538.1, ENSMUSG00000076563.2, ENSMUSG00000076564.2, ENSMUSG00000076570.6, ENSMUSG00000076572.6, ENSMUSG00000076575.6, ENSMUSG00000076576.2, ENSMUSG00000076577.2, ENSMUSG00000076578.3, ENSMUSG00000076580.3, ENSMUSG00000076581.1, ENSMUSG00000076583.1, ENSMUSG00000076586.2, ENSMUSG00000076587.3, ENSMUSG00000076589.2, ENSMUSG00000076594.2, ENSMUSG00000079543.3, ENSMUSG00000093906.5, ENSMUSG00000094345.2, ENSMUSG00000094356.2, ENSMUSG00000094420.2, ENSMUSG00000094797.1, ENSMUSG00000094872.1, ENSMUSG00000094902.2, ENSMUSG00000094930.2, ENSMUSG00000095007.1, ENSMUSG00000095630.2, ENSMUSG00000095737.5, ENSMUSG00000095771.2, ENSMUSG00000095794.2, ENSMUSG00000096422.2, ENSMUSG00000096461.5, ENSMUSG00000096490.1, ENSMUSG00000096515.5, ENSMUSG00000096594.2, ENSMUSG00000096632.2, ENSMUSG00000096844.1, ENSMUSG00000098814.2, ENSMUSG00000104769.1, ENSMUSG00000105630.1	ENSTRUG00000001123.2, ENSTRUG00000016124.2, ENSTRUG00000016126.2, ENSTRUG00000019529.1, ENSTRUG00000020366.1, ENSTRUG00000022332.1, ENSTRUG00000022337.1, ENSTRUG00000022440.1, ENSTRUG00000022673.1, ENSTRUG00000023150.1, ENSTRUG00000024139.1, ENSTRUG00000024405.1, ENSTRUG00000024788.1, ENSTRUG00000025156.1, ENSTRUG00000025827.1	ENSXETG00000001337.1, ENSXETG00000001678.1, ENSXETG00000001696.1, ENSXETG00000001736.1, ENSXETG00000002981.1, ENSXETG00000004936.1, ENSXETG00000008783.1, ENSXETG00000008792.1, ENSXETG00000008799.1, ENSXETG00000008825.1, ENSXETG00000008836.1, ENSXETG00000008844.1, ENSXETG00000009855.1, ENSXETG00000009862.1, ENSXETG00000009874.1, ENSXETG00000009885.1, ENSXETG00000012552.1, ENSXETG00000012558.1, ENSXETG00000012562.1, ENSXETG00000012565.1, ENSXETG00000012568.1, ENSXETG00000012575.1, ENSXETG00000012578.1, ENSXETG00000012582.1, ENSXETG00000012584.1, ENSXETG00000012587.1, ENSXETG00000012590.1, ENSXETG00000012593.1, ENSXETG00000012599.1, ENSXETG00000012601.1, ENSXETG00000012603.1, ENSXETG00000012605.1, ENSXETG00000012610.1, ENSXETG00000012613.1, ENSXETG00000012616.1, ENSXETG00000012620.1, ENSXETG00000012624.1, ENSXETG00000012629.1, ENSXETG00000012634.1, ENSXETG00000012640.1, ENSXETG00000012645.1, ENSXETG00000012651.1, ENSXETG00000012658.1, ENSXETG00000012663.1, ENSXETG00000012671.1, ENSXETG00000012676.1, ENSXETG00000012682.1, ENSXETG00000012687.1, ENSXETG00000012692.1, ENSXETG00000012697.1, ENSXETG00000012703.1, ENSXETG00000012705.1, ENSXETG00000012711.1, ENSXETG00000012715.1, ENSXETG00000012718.1, ENSXETG00000012720.1, ENSXETG00000012723.1, ENSXETG00000012726.1, ENSXETG00000012731.1, ENSXETG00000012735.1, ENSXETG00000012741.1, ENSXETG00000012745.1, ENSXETG00000012752.1, ENSXETG00000012757.1, ENSXETG00000012761.1, ENSXETG00000012765.1, ENSXETG00000012768.1, ENSXETG00000012773.1, ENSXETG00000012776.1, ENSXETG00000012782.1, ENSXETG00000012785.1, ENSXETG00000015309.1
OG0000004	ENSDARG00000029406.4, ENSDARG00000051736.3, ENSDARG00000068995.5, ENSDARG00000070280.3, ENSDARG00000086552.4, ENSDARG00000088686.3, ENSDARG00000098595.3, ENSDARG00000098739.2, ENSDARG00000099123.3, ENSDARG00000100024.3, ENSDARG00000100279.3, ENSDARG00000100906.3, ENSDARG00000103015.3, ENSDARG00000105314.2, ENSDARG00000105366.2, ENSDARG00000105400.2, ENSDARG00000105444.2, ENSDARG00000105478.2, ENSDARG00000109458.1, ENSDARG00000109755.1, ENSDARG00000109926.1, ENSDARG00000110429.1, ENSDARG00000110809.1, ENSDARG00000111536.1, ENSDARG00000111648.1, ENSDARG00000112593.1, ENSDARG00000112840.1, ENSDARG00000113399.1, ENSDARG00000113481.1, ENSDARG00000113707.1, ENSDARG00000113800.1, ENSDARG00000114133.1, ENSDARG00000115875.1	FBgn0051618, FBgn0053808, FBgn0053814, FBgn0053817, FBgn0053820, FBgn0053823, FBgn0053826, FBgn0053829, FBgn0053832, FBgn0053835, FBgn0053838, FBgn0053841, FBgn0053844, FBgn0053847, FBgn0053850, FBgn0053853, FBgn0053856, FBgn0053859, FBgn0053862, FBgn0053865	ENSG00000164508.4, ENSG00000180573.9, ENSG00000181218.5, ENSG00000184260.5, ENSG00000184270.5, ENSG00000188486.3, ENSG00000196747.4, ENSG00000196787.3, ENSG00000196866.2, ENSG00000203812.2, ENSG00000246705.4, ENSG00000272196.2, ENSG00000274997.1, ENSG00000275221.1, ENSG00000276368.1, ENSG00000276903.1, ENSG00000277075.2, ENSG00000278463.1, ENSG00000278677.1, ENSG00000284841.1	ENSMUSG00000049932.3, ENSMUSG00000060032.6, ENSMUSG00000061615.2, ENSMUSG00000061991.2, ENSMUSG00000063021.3, ENSMUSG00000063689.4, ENSMUSG00000063954.7, ENSMUSG00000064220.6, ENSMUSG00000068855.3, ENSMUSG00000069270.6, ENSMUSG00000069272.6, ENSMUSG00000069301.5, ENSMUSG00000069302.5, ENSMUSG00000069309.2, ENSMUSG00000071478.6, ENSMUSG00000071516.2, ENSMUSG00000078851.4, ENSMUSG00000094248.1, ENSMUSG00000094777.2	ENSTRUG00000005188.2, ENSTRUG00000011465.2, ENSTRUG00000019592.1, ENSTRUG00000019607.1, ENSTRUG00000020131.1, ENSTRUG00000020523.1, ENSTRUG00000021187.1, ENSTRUG00000021206.1, ENSTRUG00000021280.1, ENSTRUG00000021284.1, ENSTRUG00000021312.1, ENSTRUG00000021328.1, ENSTRUG00000022082.1, ENSTRUG00000022299.1, ENSTRUG00000022336.1, ENSTRUG00000022390.1, ENSTRUG00000022674.1, ENSTRUG00000022743.1, ENSTRUG00000022786.1, ENSTRUG00000023486.1, ENSTRUG00000023638.1, ENSTRUG00000025037.1, ENSTRUG00000025206.1	ENSXETG00000000090.1, ENSXETG00000000107.1, ENSXETG00000000557.1, ENSXETG00000000565.1, ENSXETG00000000587.1, ENSXETG00000000610.1, ENSXETG00000000619.1, ENSXETG00000000652.1, ENSXETG00000001158.1, ENSXETG00000001475.1, ENSXETG00000001657.1, ENSXETG00000001664.1, ENSXETG00000002804.1, ENSXETG00000002898.1, ENSXETG00000002937.1, ENSXETG00000004077.1, ENSXETG00000004085.1, ENSXETG00000004726.1, ENSXETG00000004783.1, ENSXETG00000007590.1, ENSXETG00000007766.1, ENSXETG00000009231.1, ENSXETG00000009239.1, ENSXETG00000009270.1, ENSXETG00000009546.1, ENSXETG00000014388.1, ENSXETG00000014480.1, ENSXETG00000015698.1, ENSXETG00000015715.1, ENSXETG00000015725.1, ENSXETG00000015778.1, ENSXETG00000016029.1, ENSXETG00000016187.1, ENSXETG00000016218.1, ENSXETG00000016244.1, ENSXETG00000016262.1, ENSXETG00000016280.1, ENSXETG00000016285.1, ENSXETG00000016286.1, ENSXETG00000017971.1, ENSXETG00000019718.1
OG0000005	ENSDARG00000043792.6, ENSDARG00000068161.6, ENSDARG00000068749.7, ENSDARG00000071604.7, ENSDARG00000071618.7, ENSDARG00000074546.7, ENSDARG00000075476.7, ENSDARG00000077068.6, ENSDARG00000077220.6, ENSDARG00000078167.6, ENSDARG00000078234.6, ENSDARG00000086130.5, ENSDARG00000086179.4, ENSDARG00000086576.4, ENSDARG00000086752.4, ENSDARG00000087251.4, ENSDARG00000087293.4, ENSDARG00000087597.5, ENSDARG00000088301.6, ENSDARG00000089296.8, ENSDARG00000089304.5, ENSDARG00000089852.6, ENSDARG00000089934.4, ENSDARG00000090193.4, ENSDARG00000090947.5, ENSDARG00000091013.4, ENSDARG00000091026.5, ENSDARG00000091561.6, ENSDARG00000093024.5, ENSDARG00000093402.4, ENSDARG00000093761.4, ENSDARG00000093964.4, ENSDARG00000095013.5, ENSDARG00000095132.7, ENSDARG00000095200.4, ENSDARG00000095275.3, ENSDARG00000095293.5, ENSDARG00000095696.5, ENSDARG00000095777.3, ENSDARG00000096065.2, ENSDARG00000096109.2, ENSDARG00000097264.3, ENSDARG00000098077.2, ENSDARG00000098115.2, ENSDARG00000098177.2, ENSDARG00000098183.3, ENSDARG00000098212.2, ENSDARG00000098218.2, ENSDARG00000098279.2, ENSDARG00000098305.2, ENSDARG00000098369.2, ENSDARG00000098390.2, ENSDARG00000098452.2, ENSDARG00000098514.2, ENSDARG00000098527.2, ENSDARG00000098585.2, ENSDARG00000098610.2, ENSDARG00000098677.2, ENSDARG00000098754.2, ENSDARG00000098879.2, ENSDARG00000098928.2, ENSDARG00000099006.2, ENSDARG00000099046.2, ENSDARG00000099318.2, ENSDARG00000099381.2, ENSDARG00000099384.2, ENSDARG00000099432.2, ENSDARG00000099474.2, ENSDARG00000099492.2, ENSDARG00000099597.2, ENSDARG00000099643.2, ENSDARG00000099711.2, ENSDARG00000099899.2, ENSDARG00000099910.2, ENSDARG00000099963.2, ENSDARG00000100099.2, ENSDARG00000100110.2, ENSDARG00000100219.2, ENSDARG00000100311.2, ENSDARG00000100341.2, ENSDARG00000100348.2, ENSDARG00000100460.2, ENSDARG00000100865.2, ENSDARG00000101272.2, ENSDARG00000101274.2, ENSDARG00000101374.2, ENSDARG00000101389.2, ENSDARG00000101450.2, ENSDARG00000101484.2, ENSDARG00000101571.2, ENSDARG00000101653.2, ENSDARG00000101757.2, ENSDARG00000101948.2, ENSDARG00000101977.2, ENSDARG00000102215.2, ENSDARG00000102225.2, ENSDARG00000102256.2, ENSDARG00000102358.2, ENSDARG00000102360.2, ENSDARG00000102432.2, ENSDARG00000102468.2, ENSDARG00000102595.2, ENSDARG00000102616.2, ENSDARG00000102638.2, ENSDARG00000102713.2, ENSDARG00000102737.2, ENSDARG00000102835.3, ENSDARG00000102853.2, ENSDARG00000102927.2, ENSDARG00000103003.2, ENSDARG00000103081.2, ENSDARG00000103197.2, ENSDARG00000103265.2, ENSDARG00000103281.2, ENSDARG00000103314.2, ENSDARG00000103584.2, ENSDARG00000103955.2, ENSDARG00000103992.2, ENSDARG00000104008.2, ENSDARG00000104009.2, ENSDARG00000104088.2, ENSDARG00000104166.3, ENSDARG00000104266.2, ENSDARG00000104341.2, ENSDARG00000104446.3, ENSDARG00000104476.2, ENSDARG00000104804.2, ENSDARG00000104890.2, ENSDARG00000104893.2, ENSDARG00000104916.2, ENSDARG00000104968.2, ENSDARG00000105161.2, ENSDARG00000106998.2, ENSDARG00000110290.1, ENSDARG00000111198.1, ENSDARG00000112027.1, ENSDARG00000113324.1, ENSDARG00000113431.1, ENSDARG00000113510.1, ENSDARG00000113527.1, ENSDARG00000113804.1, ENSDARG00000113826.1, ENSDARG00000113896.1, ENSDARG00000114142.1, ENSDARG00000114332.1, ENSDARG00000114577.1, ENSDARG00000115299.1, ENSDARG00000116043.1, ENSDARG00000116367.1, ENSDARG00000116629.1, ENSDARG00000116915.1					
OG0000006	ENSDARG00000068996.4, ENSDARG00000070289.5, ENSDARG00000070297.5, ENSDARG00000075482.3, ENSDARG00000078941.4, ENSDARG00000088276.4, ENSDARG00000089039.3, ENSDARG00000091728.4, ENSDARG00000099514.3, ENSDARG00000100259.3, ENSDARG00000102806.3, ENSDARG00000104501.2, ENSDARG00000104588.3, ENSDARG00000105340.2, ENSDARG00000105384.2, ENSDARG00000105393.2, ENSDARG00000105397.2, ENSDARG00000105414.2, ENSDARG00000105468.2, ENSDARG00000105483.2, ENSDARG00000105507.2, ENSDARG00000109370.1, ENSDARG00000109737.1, ENSDARG00000111934.1, ENSDARG00000111964.1, ENSDARG00000112150.1, ENSDARG00000112561.1, ENSDARG00000114125.1, ENSDARG00000114180.1, ENSDARG00000114195.1, ENSDARG00000114405.1, ENSDARG00000114895.1, ENSDARG00000115938.1, ENSDARG00000116654.1	FBgn0053868, FBgn0053870, FBgn0053872, FBgn0053874, FBgn0053876, FBgn0053878, FBgn0053880, FBgn0053882, FBgn0053884, FBgn0053886, FBgn0053888, FBgn0053890, FBgn0053892, FBgn0053894, FBgn0053896, FBgn0053898, FBgn0053900, FBgn0053902, FBgn0053904, FBgn0053906, FBgn0053908, FBgn0053910, FBgn0061209	ENSG00000124635.8, ENSG00000146047.6, ENSG00000158373.8, ENSG00000180596.7, ENSG00000184678.10, ENSG00000185130.5, ENSG00000196890.4, ENSG00000197903.7, ENSG00000203814.6, ENSG00000233822.4, ENSG00000234289.6, ENSG00000273703.1, ENSG00000273802.2, ENSG00000274290.2, ENSG00000274559.3, ENSG00000274641.1, ENSG00000275713.2, ENSG00000276410.3, ENSG00000277224.2, ENSG00000278588.1, ENSG00000285449.1	ENSMUSG00000018102.5, ENSMUSG00000047246.7, ENSMUSG00000050799.3, ENSMUSG00000056895.4, ENSMUSG00000058385.8, ENSMUSG00000062727.4, ENSMUSG00000068854.7, ENSMUSG00000069268.4, ENSMUSG00000069300.3, ENSMUSG00000069303.6, ENSMUSG00000069307.6, ENSMUSG00000069308.7, ENSMUSG00000075031.4, ENSMUSG00000094338.1, ENSMUSG00000095217.1, ENSMUSG00000105827.1, ENSMUSG00000114279.1, ENSMUSG00000114456.1	ENSTRUG00000005128.2, ENSTRUG00000019643.1, ENSTRUG00000019793.1, ENSTRUG00000019949.1, ENSTRUG00000020059.1, ENSTRUG00000020180.1, ENSTRUG00000020339.1, ENSTRUG00000020731.1, ENSTRUG00000020802.1, ENSTRUG00000020888.1, ENSTRUG00000021569.1, ENSTRUG00000022091.1, ENSTRUG00000022107.1, ENSTRUG00000022425.1, ENSTRUG00000022556.1, ENSTRUG00000023524.1, ENSTRUG00000023825.1, ENSTRUG00000023992.1, ENSTRUG00000024270.1, ENSTRUG00000024446.1, ENSTRUG00000024579.1, ENSTRUG00000024811.1, ENSTRUG00000024829.1, ENSTRUG00000024998.1, ENSTRUG00000025284.1, ENSTRUG00000025601.1	ENSXETG00000000575.1, ENSXETG00000000633.1, ENSXETG00000000655.1, ENSXETG00000002797.1, ENSXETG00000002946.1, ENSXETG00000004096.1, ENSXETG00000004730.1, ENSXETG00000004788.1, ENSXETG00000009291.1, ENSXETG00000009411.1, ENSXETG00000009477.1, ENSXETG00000009494.1, ENSXETG00000009528.1, ENSXETG00000009551.1, ENSXETG00000014585.1, ENSXETG00000014608.1, ENSXETG00000014659.1, ENSXETG00000015228.1, ENSXETG00000015635.1, ENSXETG00000015942.1, ENSXETG00000016136.1, ENSXETG00000016166.1, ENSXETG00000016210.1, ENSXETG00000017467.1, ENSXETG00000018510.1, ENSXETG00000019715.1, ENSXETG00000020462.1
OG0000007					ENSTRUG00000012616.2	ENSXETG00000000473.1, ENSXETG00000000499.1, ENSXETG00000001178.1, ENSXETG00000001196.1, ENSXETG00000001211.1, ENSXETG00000001215.1, ENSXETG00000001341.1, ENSXETG00000001402.1, ENSXETG00000001404.1, ENSXETG00000001409.1, ENSXETG00000001414.1, ENSXETG00000001439.1, ENSXETG00000001461.1, ENSXETG00000001858.1, ENSXETG00000001888.1, ENSXETG00000001890.1, ENSXETG00000001895.1, ENSXETG00000001932.1, ENSXETG00000001938.1, ENSXETG00000001939.1, ENSXETG00000001946.1, ENSXETG00000001961.1, ENSXETG00000002064.1, ENSXETG00000002767.1, ENSXETG00000002775.1, ENSXETG00000002788.1, ENSXETG00000002792.1, ENSXETG00000002798.1, ENSXETG00000002821.1, ENSXETG00000003763.1, ENSXETG00000004057.1, ENSXETG00000004064.1, ENSXETG00000004397.1, ENSXETG00000005168.1, ENSXETG00000005173.1, ENSXETG00000005310.1, ENSXETG00000005328.1, ENSXETG00000005331.1, ENSXETG00000005552.1, ENSXETG00000005556.1, ENSXETG00000005567.1, ENSXETG00000005572.1, ENSXETG00000005575.1, ENSXETG00000005579.1, ENSXETG00000005590.1, ENSXETG00000006262.1, ENSXETG00000006271.1, ENSXETG00000007393.1, ENSXETG00000007656.1, ENSXETG00000008762.1, ENSXETG00000008767.1, ENSXETG00000008771.1, ENSXETG00000008774.1, ENSXETG00000008784.1, ENSXETG00000008794.1, ENSXETG00000009091.1, ENSXETG00000009135.1, ENSXETG00000009195.1, ENSXETG00000009206.1, ENSXETG00000009220.1, ENSXETG00000009240.1, ENSXETG00000009253.1, ENSXETG00000009293.1, ENSXETG00000009307.1, ENSXETG00000009361.1, ENSXETG00000009434.1, ENSXETG00000009449.1, ENSXETG00000009455.1, ENSXETG00000009466.1, ENSXETG00000009565.1, ENSXETG00000009568.1, ENSXETG00000009579.1, ENSXETG00000009600.1, ENSXETG00000009603.1, ENSXETG00000009610.1, ENSXETG00000009689.1, ENSXETG00000009698.1, ENSXETG00000009705.1, ENSXETG00000009718.1, ENSXETG00000009727.1, ENSXETG00000009769.1, ENSXETG00000009790.1, ENSXETG00000009797.1, ENSXETG00000009804.1, ENSXETG00000009807.1, ENSXETG00000010706.1, ENSXETG00000010897.1, ENSXETG00000011614.1, ENSXETG00000011735.1, ENSXETG00000011737.1, ENSXETG00000011742.1, ENSXETG00000011746.1, ENSXETG00000012103.1, ENSXETG00000012147.1, ENSXETG00000012206.1, ENSXETG00000012216.1, ENSXETG00000012225.1, ENSXETG00000012234.1, ENSXETG00000012276.1, ENSXETG00000012284.1, ENSXETG00000012287.1, ENSXETG00000014458.1, ENSXETG00000014555.1, ENSXETG00000014561.1, ENSXETG00000014605.1, ENSXETG00000014634.1, ENSXETG00000014962.1, ENSXETG00000015465.1, ENSXETG00000015517.1, ENSXETG00000015567.1, ENSXETG00000017267.1, ENSXETG00000017559.1, ENSXETG00000018426.1, ENSXETG00000018459.1, ENSXETG00000019187.1, ENSXETG00000019660.1, ENSXETG00000020152.1, ENSXETG00000020541.1
OG0000008	ENSDARG00000007067.10, ENSDARG00000013022.11, ENSDARG00000038271.7, ENSDARG00000040640.9, ENSDARG00000043131.7, ENSDARG00000052680.7, ENSDARG00000055334.6, ENSDARG00000055831.8, ENSDARG00000058537.8, ENSDARG00000058791.8, ENSDARG00000058794.8, ENSDARG00000060953.7, ENSDARG00000071578.7, ENSDARG00000071588.5, ENSDARG00000071590.6, ENSDARG00000071629.5, ENSDARG00000071636.5, ENSDARG00000071653.6, ENSDARG00000071656.6, ENSDARG00000071662.7, ENSDARG00000071667.6, ENSDARG00000074844.4, ENSDARG00000076358.4, ENSDARG00000076721.5, ENSDARG00000077115.5, ENSDARG00000077263.5, ENSDARG00000077415.4, ENSDARG00000078289.4, ENSDARG00000078519.5, ENSDARG00000079145.5, ENSDARG00000079325.4, ENSDARG00000079645.4, ENSDARG00000079762.5, ENSDARG00000086095.3, ENSDARG00000086584.3, ENSDARG00000086880.3, ENSDARG00000087407.4, ENSDARG00000087444.3, ENSDARG00000087901.3, ENSDARG00000088198.3, ENSDARG00000089636.5, ENSDARG00000089720.3, ENSDARG00000090310.3, ENSDARG00000090600.5, ENSDARG00000090601.3, ENSDARG00000090612.3, ENSDARG00000091230.3, ENSDARG00000091718.3, ENSDARG00000092230.3, ENSDARG00000092266.2, ENSDARG00000092513.2, ENSDARG00000092732.4, ENSDARG00000093111.4, ENSDARG00000093345.2, ENSDARG00000093574.3, ENSDARG00000093686.4, ENSDARG00000093699.3, ENSDARG00000093788.3, ENSDARG00000093852.3, ENSDARG00000093862.4, ENSDARG00000094155.3, ENSDARG00000094604.2, ENSDARG00000094770.3, ENSDARG00000095120.3, ENSDARG00000095148.3, ENSDARG00000095195.3, ENSDARG00000095295.2, ENSDARG00000095398.2, ENSDARG00000095401.3, ENSDARG00000095454.2, ENSDARG00000095493.4, ENSDARG00000095643.3, ENSDARG00000095800.3, ENSDARG00000098722.3, ENSDARG00000098740.2, ENSDARG00000098966.2, ENSDARG00000099023.2, ENSDARG00000099364.2, ENSDARG00000099511.2, ENSDARG00000099577.2, ENSDARG00000100301.2, ENSDARG00000100357.2, ENSDARG00000100939.2, ENSDARG00000101939.2, ENSDARG00000102116.2, ENSDARG00000103183.2, ENSDARG00000103309.2, ENSDARG00000103696.2, ENSDARG00000104176.2, ENSDARG00000104185.2, ENSDARG00000104592.2, ENSDARG00000104640.2, ENSDARG00000108332.2, ENSDARG00000108395.2, ENSDARG00000109368.1, ENSDARG00000109539.1, ENSDARG00000109630.1, ENSDARG00000110634.1, ENSDARG00000111190.1, ENSDARG00000111423.1, ENSDARG00000111515.1, ENSDARG00000112069.1, ENSDARG00000112301.1, ENSDARG00000112361.1, ENSDARG00000113065.1, ENSDARG00000113120.1, ENSDARG00000113198.1, ENSDARG00000113570.1, ENSDARG00000113572.1, ENSDARG00000114588.1, ENSDARG00000115371.1, ENSDARG00000115511.1, ENSDARG00000115732.1, ENSDARG00000116127.1, ENSDARG00000116207.1, ENSDARG00000116618.1, ENSDARG00000116833.1, ENSDARG00000116843.1					
OG0000009	ENSDARG00000020504.9, ENSDARG00000033009.7, ENSDARG00000045248.7, ENSDARG00000051737.2, ENSDARG00000068434.6, ENSDARG00000068436.5, ENSDARG00000068941.4, ENSDARG00000094154.2, ENSDARG00000098970.3, ENSDARG00000101720.3, ENSDARG00000103819.3, ENSDARG00000105345.2, ENSDARG00000105359.2, ENSDARG00000105374.2, ENSDARG00000105418.2, ENSDARG00000105459.2, ENSDARG00000105484.2, ENSDARG00000105508.2, ENSDARG00000110909.1, ENSDARG00000111005.1, ENSDARG00000111396.1, ENSDARG00000112131.1, ENSDARG00000112175.1, ENSDARG00000112375.1, ENSDARG00000112647.1, ENSDARG00000112967.1, ENSDARG00000114169.1, ENSDARG00000114334.1, ENSDARG00000114370.1, ENSDARG00000114500.1, ENSDARG00000115644.1	FBgn0004828, FBgn0014857, FBgn0051613, FBgn0053803, FBgn0053806, FBgn0053809, FBgn0053812, FBgn0053815, FBgn0053818, FBgn0053821, FBgn0053824, FBgn0053827, FBgn0053830, FBgn0053833, FBgn0053836, FBgn0053839, FBgn0053842, FBgn0053845, FBgn0053848, FBgn0053851, FBgn0053854, FBgn0053857, FBgn0053860, FBgn0053863, FBgn0053866	ENSG00000163041.11, ENSG00000168148.3, ENSG00000183598.3, ENSG00000188375.5, ENSG00000197153.4, ENSG00000197409.7, ENSG00000203811.1, ENSG00000203852.3, ENSG00000273213.3, ENSG00000273983.1, ENSG00000274750.2, ENSG00000275379.1, ENSG00000275714.1, ENSG00000277775.1, ENSG00000278828.1, ENSG00000285435.1, ENSG00000286522.1, ENSG00000287080.1	ENSMUSG00000016559.14, ENSMUSG00000060743.12, ENSMUSG00000069265.2, ENSMUSG00000069267.2, ENSMUSG00000069273.2, ENSMUSG00000069310.4, ENSMUSG00000074403.2, ENSMUSG00000081058.5, ENSMUSG00000099517.2, ENSMUSG00000099583.2, ENSMUSG00000100210.2, ENSMUSG00000101355.1, ENSMUSG00000101972.1	ENSTRUG00000019983.1, ENSTRUG00000021490.1, ENSTRUG00000022431.1, ENSTRUG00000022487.1, ENSTRUG00000024476.1, ENSTRUG00000025684.1, ENSTRUG00000025887.1	ENSXETG00000000116.1, ENSXETG00000000552.1, ENSXETG00000000630.1, ENSXETG00000000648.1, ENSXETG00000001142.1, ENSXETG00000002828.1, ENSXETG00000002851.1, ENSXETG00000002916.1, ENSXETG00000004765.1, ENSXETG00000004793.1, ENSXETG00000005833.1, ENSXETG00000005846.1, ENSXETG00000009296.1, ENSXETG00000009426.1, ENSXETG00000009513.1, ENSXETG00000009522.1, ENSXETG00000009531.1, ENSXETG00000014395.1, ENSXETG00000014446.1, ENSXETG00000015922.1, ENSXETG00000016233.1, ENSXETG00000020261.1, ENSXETG00000020403.1
OG0000010	ENSDARG00000008075.8, ENSDARG00000008182.9, ENSDARG00000018327.9, ENSDARG00000025150.8, ENSDARG00000025547.9, ENSDARG00000029461.7, ENSDARG00000043894.6, ENSDARG00000046142.6, ENSDARG00000052656.6, ENSDARG00000057090.6, ENSDARG00000059049.6, ENSDARG00000059254.7, ENSDARG00000069323.3, ENSDARG00000074732.4, ENSDARG00000076778.4, ENSDARG00000077975.5, ENSDARG00000079425.5, ENSDARG00000079903.5, ENSDARG00000087245.3, ENSDARG00000088023.4, ENSDARG00000088219.3, ENSDARG00000088727.3, ENSDARG00000089377.4, ENSDARG00000090945.4, ENSDARG00000092502.2, ENSDARG00000092749.2, ENSDARG00000094357.2, ENSDARG00000094796.2, ENSDARG00000094882.2, ENSDARG00000095127.3, ENSDARG00000095424.3, ENSDARG00000095963.2, ENSDARG00000096624.2, ENSDARG00000102034.2, ENSDARG00000102680.2, ENSDARG00000112346.1, ENSDARG00000112826.1		ENSG00000090659.18, ENSG00000104921.15, ENSG00000104938.17, ENSG00000111729.14, ENSG00000116031.9, ENSG00000132514.13, ENSG00000141505.12, ENSG00000150045.12, ENSG00000161944.16, ENSG00000166523.8, ENSG00000166527.8, ENSG00000182566.13, ENSG00000187912.11, ENSG00000198178.10, ENSG00000205846.4, ENSG00000256797.1, ENSG00000284393.1	ENSMUSG00000000318.16, ENSMUSG00000005540.10, ENSMUSG00000014542.3, ENSMUSG00000020884.15, ENSMUSG00000023349.14, ENSMUSG00000030142.10, ENSMUSG00000030144.4, ENSMUSG00000030147.12, ENSMUSG00000030148.15, ENSMUSG00000031494.7, ENSMUSG00000031495.8, ENSMUSG00000034783.7, ENSMUSG00000040165.14, ENSMUSG00000040197.4, ENSMUSG00000040950.13, ENSMUSG00000040963.15, ENSMUSG00000043832.13, ENSMUSG00000049037.8, ENSMUSG00000051906.15, ENSMUSG00000059639.2, ENSMUSG00000065987.12, ENSMUSG00000067767.5, ENSMUSG00000074491.9, ENSMUSG00000079168.4	ENSTRUG00000000855.2, ENSTRUG00000002442.2, ENSTRUG00000009396.2, ENSTRUG00000018294.2, ENSTRUG00000019598.1, ENSTRUG00000021018.1, ENSTRUG00000022470.1, ENSTRUG00000022783.1, ENSTRUG00000023246.1, ENSTRUG00000023509.1, ENSTRUG00000024168.1, ENSTRUG00000024277.1, ENSTRUG00000024338.1, ENSTRUG00000024607.1, ENSTRUG00000024733.1, ENSTRUG00000024761.1, ENSTRUG00000024780.1, ENSTRUG00000024823.1, ENSTRUG00000024837.1, ENSTRUG00000025875.1, ENSTRUG00000025917.1, ENSTRUG00000025938.1	ENSXETG00000000905.1, ENSXETG00000000926.1, ENSXETG00000002116.1, ENSXETG00000002130.1, ENSXETG00000002145.1, ENSXETG00000005083.1, ENSXETG00000011284.1, ENSXETG00000011305.1, ENSXETG00000011330.1, ENSXETG00000011340.1, ENSXETG00000011354.1, ENSXETG00000011380.1, ENSXETG00000011400.1, ENSXETG00000011410.1, ENSXETG00000011432.1, ENSXETG00000013051.1
OG0000011	ENSDARG00000014775.11, ENSDARG00000015482.11, ENSDARG00000022905.9, ENSDARG00000053165.6, ENSDARG00000071714.5, ENSDARG00000071719.7, ENSDARG00000071725.5, ENSDARG00000071741.6, ENSDARG00000071790.5, ENSDARG00000071819.6, ENSDARG00000071833.6, ENSDARG00000073821.3, ENSDARG00000074125.5, ENSDARG00000077085.4, ENSDARG00000078159.5, ENSDARG00000086631.3, ENSDARG00000086744.4, ENSDARG00000088507.4, ENSDARG00000088927.3, ENSDARG00000090304.3, ENSDARG00000091896.3, ENSDARG00000092027.2, ENSDARG00000092073.3, ENSDARG00000092088.4, ENSDARG00000092152.3, ENSDARG00000092246.2, ENSDARG00000092605.5, ENSDARG00000092765.4, ENSDARG00000092849.3, ENSDARG00000093562.2, ENSDARG00000093672.4, ENSDARG00000093875.3, ENSDARG00000094109.3, ENSDARG00000094242.2, ENSDARG00000094309.3, ENSDARG00000094343.3, ENSDARG00000094563.3, ENSDARG00000094736.3, ENSDARG00000095350.2, ENSDARG00000095397.2, ENSDARG00000095455.2, ENSDARG00000095617.2, ENSDARG00000095667.2, ENSDARG00000095704.3, ENSDARG00000097261.3, ENSDARG00000097685.3, ENSDARG00000097839.2, ENSDARG00000098609.2, ENSDARG00000098613.2, ENSDARG00000098800.2, ENSDARG00000099061.3, ENSDARG00000099317.2, ENSDARG00000099410.2, ENSDARG00000099618.2, ENSDARG00000099890.2, ENSDARG00000100127.2, ENSDARG00000100192.3, ENSDARG00000100196.2, ENSDARG00000100361.2, ENSDARG00000100468.3, ENSDARG00000100544.3, ENSDARG00000100587.2, ENSDARG00000100808.2, ENSDARG00000100882.2, ENSDARG00000100883.2, ENSDARG00000101044.2, ENSDARG00000101191.2, ENSDARG00000101425.2, ENSDARG00000101542.2, ENSDARG00000101562.2, ENSDARG00000101694.2, ENSDARG00000101885.2, ENSDARG00000101955.2, ENSDARG00000101998.3, ENSDARG00000102053.2, ENSDARG00000102099.3, ENSDARG00000102258.2, ENSDARG00000102601.2, ENSDARG00000102606.2, ENSDARG00000102678.3, ENSDARG00000103078.2, ENSDARG00000103477.2, ENSDARG00000103571.2, ENSDARG00000103582.3, ENSDARG00000103827.2, ENSDARG00000103853.2, ENSDARG00000103936.2, ENSDARG00000103954.3, ENSDARG00000104065.3, ENSDARG00000104078.2, ENSDARG00000104142.2, ENSDARG00000104613.3, ENSDARG00000105056.2, ENSDARG00000105305.2, ENSDARG00000106808.2, ENSDARG00000108441.2, ENSDARG00000109202.2, ENSDARG00000110100.1, ENSDARG00000110106.1, ENSDARG00000111614.1, ENSDARG00000111899.1, ENSDARG00000112141.1, ENSDARG00000112145.1, ENSDARG00000113365.1, ENSDARG00000113666.1, ENSDARG00000114349.1, ENSDARG00000115326.1, ENSDARG00000115890.1, ENSDARG00000116814.1, ENSDARG00000117185.1		ENSG00000174586.11			ENSXETG00000011168.1, ENSXETG00000015105.1, ENSXETG00000015118.1
OG0000012	ENSDARG00000002394.10, ENSDARG00000006220.12, ENSDARG00000006372.9, ENSDARG00000011537.13, ENSDARG00000016479.9, ENSDARG00000032862.7, ENSDARG00000039501.10, ENSDARG00000043901.7, ENSDARG00000051940.8, ENSDARG00000054835.6, ENSDARG00000058048.7, ENSDARG00000061439.6, ENSDARG00000061444.7, ENSDARG00000061672.6, ENSDARG00000089507.5, ENSDARG00000091624.4, ENSDARG00000091916.5, ENSDARG00000093043.3, ENSDARG00000093640.4, ENSDARG00000097024.2, ENSDARG00000097231.2, ENSDARG00000097491.2, ENSDARG00000097979.2, ENSDARG00000099276.2, ENSDARG00000101176.2, ENSDARG00000101495.2, ENSDARG00000104995.2, ENSDARG00000109611.1, ENSDARG00000110614.1, ENSDARG00000110720.1, ENSDARG00000111242.1, ENSDARG00000112264.1, ENSDARG00000112752.1, ENSDARG00000113218.1, ENSDARG00000113417.1, ENSDARG00000116508.1, ENSDARG00000116986.1		ENSG00000109181.12, ENSG00000135220.11, ENSG00000135226.18, ENSG00000156096.14, ENSG00000167165.19, ENSG00000171234.14, ENSG00000196620.10, ENSG00000197888.2, ENSG00000213759.10, ENSG00000240224.1, ENSG00000241119.2, ENSG00000241635.7, ENSG00000242366.3, ENSG00000242515.5, ENSG00000243135.6, ENSG00000244122.2, ENSG00000244474.5, ENSG00000271271.5, ENSG00000275190.3, ENSG00000277132.2, ENSG00000278216.3	ENSMUSG00000029260.15, ENSMUSG00000029268.14, ENSMUSG00000035780.2, ENSMUSG00000035811.10, ENSMUSG00000035836.2, ENSMUSG00000054545.17, ENSMUSG00000054630.7, ENSMUSG00000057425.3, ENSMUSG00000061906.5, ENSMUSG00000070704.10, ENSMUSG00000089675.1, ENSMUSG00000089943.1, ENSMUSG00000089960.1, ENSMUSG00000090124.7, ENSMUSG00000090145.7, ENSMUSG00000090165.8, ENSMUSG00000090171.1, ENSMUSG00000090175.1, ENSMUSG00000106677.1	ENSTRUG00000000060.2, ENSTRUG00000000818.2, ENSTRUG00000001183.2, ENSTRUG00000002150.2, ENSTRUG00000002327.2, ENSTRUG00000002540.2, ENSTRUG00000003660.2, ENSTRUG00000005591.2, ENSTRUG00000005625.2, ENSTRUG00000005628.2, ENSTRUG00000005835.2, ENSTRUG00000006602.2, ENSTRUG00000007992.2, ENSTRUG00000008343.2, ENSTRUG00000009845.2, ENSTRUG00000010759.2, ENSTRUG00000016732.2, ENSTRUG00000017647.2, ENSTRUG00000021557.1, ENSTRUG00000022322.1, ENSTRUG00000022623.1, ENSTRUG00000023569.1, ENSTRUG00000023583.1, ENSTRUG00000024418.1, ENSTRUG00000025427.1, ENSTRUG00000025617.1	ENSXETG00000001226.1, ENSXETG00000001234.1, ENSXETG00000001237.1, ENSXETG00000008621.1, ENSXETG00000012857.1, ENSXETG00000012860.1, ENSXETG00000017087.1, ENSXETG00000017893.1
OG0000013	ENSDARG00000099920.3, ENSDARG00000101249.3, ENSDARG00000105318.2, ENSDARG00000105352.2, ENSDARG00000105353.2, ENSDARG00000105355.2, ENSDARG00000105376.2, ENSDARG00000105382.2, ENSDARG00000105409.2, ENSDARG00000105482.2, ENSDARG00000110035.1, ENSDARG00000110152.1, ENSDARG00000110812.1, ENSDARG00000111247.1, ENSDARG00000111494.1, ENSDARG00000111753.1, ENSDARG00000112491.1, ENSDARG00000112528.1, ENSDARG00000112954.1, ENSDARG00000113205.1, ENSDARG00000114534.1, ENSDARG00000115054.1, ENSDARG00000115281.1, ENSDARG00000115799.1, ENSDARG00000116781.1	FBgn0013981, FBgn0051611, FBgn0053869, FBgn0053871, FBgn0053873, FBgn0053875, FBgn0053877, FBgn0053879, FBgn0053881, FBgn0053883, FBgn0053885, FBgn0053887, FBgn0053889, FBgn0053891, FBgn0053893, FBgn0053895, FBgn0053897, FBgn0053899, FBgn0053901, FBgn0053903, FBgn0053905, FBgn0053907, FBgn0053909	ENSG00000158406.4, ENSG00000197061.4, ENSG00000197238.4, ENSG00000197837.3, ENSG00000270276.2, ENSG00000270882.2, ENSG00000273542.1, ENSG00000274618.1, ENSG00000275126.1, ENSG00000276180.1, ENSG00000276966.2, ENSG00000277157.1, ENSG00000278637.1, ENSG00000278705.1	ENSMUSG00000060093.6, ENSMUSG00000060639.5, ENSMUSG00000060678.5, ENSMUSG00000060981.7, ENSMUSG00000061482.7, ENSMUSG00000064288.4, ENSMUSG00000067455.5, ENSMUSG00000069266.5, ENSMUSG00000069274.3, ENSMUSG00000069305.3, ENSMUSG00000069306.5, ENSMUSG00000091405.2, ENSMUSG00000096010.2	ENSTRUG00000012047.2, ENSTRUG00000020846.1, ENSTRUG00000021242.1, ENSTRUG00000021728.1, ENSTRUG00000022675.1, ENSTRUG00000023084.1, ENSTRUG00000024253.1, ENSTRUG00000024428.1, ENSTRUG00000024537.1, ENSTRUG00000025646.1	ENSXETG00000000096.1, ENSXETG00000000117.1, ENSXETG00000000626.1, ENSXETG00000000638.1, ENSXETG00000000659.1, ENSXETG00000001455.1, ENSXETG00000002809.1, ENSXETG00000002840.1, ENSXETG00000002924.1, ENSXETG00000004068.1, ENSXETG00000004774.1, ENSXETG00000005825.1, ENSXETG00000006763.1, ENSXETG00000009276.1, ENSXETG00000009489.1, ENSXETG00000009505.1, ENSXETG00000009538.1, ENSXETG00000009555.1, ENSXETG00000014569.1, ENSXETG00000014595.1, ENSXETG00000014622.1, ENSXETG00000015930.1, ENSXETG00000015951.1, ENSXETG00000016155.1, ENSXETG00000016254.1
OG0000014			ENSG00000125498.20, ENSG00000273510.1, ENSG00000273517.1, ENSG00000273578.1, ENSG00000273603.1, ENSG00000273661.5, ENSG00000273794.4, ENSG00000274406.1, ENSG00000274412.5, ENSG00000274438.1, ENSG00000274518.1, ENSG00000274563.1, ENSG00000274692.1, ENSG00000274739.1, ENSG00000274782.1, ENSG00000274926.1, ENSG00000274947.1, ENSG00000274957.1, ENSG00000275047.1, ENSG00000275080.5, ENSG00000275196.1, ENSG00000275253.1, ENSG00000275276.1, ENSG00000275306.1, ENSG00000275353.1, ENSG00000275407.1, ENSG00000275421.1, ENSG00000275452.2, ENSG00000275500.1, ENSG00000275522.4, ENSG00000275546.5, ENSG00000275583.5, ENSG00000275599.1, ENSG00000275731.1, ENSG00000275735.1, ENSG00000275737.1, ENSG00000275750.1, ENSG00000275914.5, ENSG00000275921.5, ENSG00000275960.4, ENSG00000276011.1, ENSG00000276139.4, ENSG00000276154.1, ENSG00000276258.1, ENSG00000276310.1, ENSG00000276327.1, ENSG00000276387.4, ENSG00000276395.1, ENSG00000276425.1, ENSG00000276468.5, ENSG00000276625.4, ENSG00000276634.1, ENSG00000276676.5, ENSG00000276731.1, ENSG00000276820.1, ENSG00000276885.1, ENSG00000277163.1, ENSG00000277193.1, ENSG00000277251.5, ENSG00000277356.1, ENSG00000277616.1, ENSG00000277650.1, ENSG00000277657.1, ENSG00000277725.5, ENSG00000277833.4, ENSG00000277885.1, ENSG00000278086.1, ENSG00000278120.1, ENSG00000278152.2, ENSG00000278207.1, ENSG00000278248.1, ENSG00000278300.4, ENSG00000278304.1, ENSG00000278306.1, ENSG00000278369.1, ENSG00000278495.4, ENSG00000278503.1, ENSG00000278692.1, ENSG00000278731.5, ENSG00000278738.5, ENSG00000278755.1, ENSG00000278805.1, ENSG00000278821.4, ENSG00000283716.3, ENSG00000283722.3, ENSG00000283723.2, ENSG00000283870.3, ENSG00000283882.3, ENSG00000283937.3, ENSG00000284016.3, ENSG00000284033.2, ENSG00000284039.3, ENSG00000284100.2, ENSG00000284120.3, ENSG00000284145.2, ENSG00000284150.3, ENSG00000284169.3, ENSG00000284217.3, ENSG00000284225.3, ENSG00000284264.3, ENSG00000284347.2, ENSG00000284401.2, ENSG00000284511.3, ENSG00000284514.2, ENSG00000284530.2, ENSG00000284551.2, ENSG00000284555.3, ENSG00000284560.3, ENSG00000284580.3, ENSG00000288316.1			
OG0000015				ENSMUSG00000035523.8, ENSMUSG00000046924.4, ENSMUSG00000057513.3, ENSMUSG00000058631.6, ENSMUSG00000062483.4, ENSMUSG00000062598.3, ENSMUSG00000066850.2, ENSMUSG00000074291.3, ENSMUSG00000074311.3, ENSMUSG00000074322.5, ENSMUSG00000078808.5, ENSMUSG00000090411.2, ENSMUSG00000090715.2, ENSMUSG00000091435.1, ENSMUSG00000091638.2, ENSMUSG00000091652.2, ENSMUSG00000091874.2, ENSMUSG00000092297.1, ENSMUSG00000092456.2, ENSMUSG00000092473.4, ENSMUSG00000092579.2, ENSMUSG00000093853.1, ENSMUSG00000093871.1, ENSMUSG00000093890.1, ENSMUSG00000093917.1, ENSMUSG00000093941.1, ENSMUSG00000093986.1, ENSMUSG00000094001.1, ENSMUSG00000094010.1, ENSMUSG00000094011.1, ENSMUSG00000094085.1, ENSMUSG00000094149.1, ENSMUSG00000094187.1, ENSMUSG00000094208.1, ENSMUSG00000094221.1, ENSMUSG00000094284.1, ENSMUSG00000094298.1, ENSMUSG00000094385.1, ENSMUSG00000094532.1, ENSMUSG00000094542.1, ENSMUSG00000094545.1, ENSMUSG00000094589.1, ENSMUSG00000094602.2, ENSMUSG00000094680.1, ENSMUSG00000094700.1, ENSMUSG00000094735.1, ENSMUSG00000094748.1, ENSMUSG00000094757.1, ENSMUSG00000094762.1, ENSMUSG00000094879.1, ENSMUSG00000094905.1, ENSMUSG00000094931.1, ENSMUSG00000094934.1, ENSMUSG00000094981.1, ENSMUSG00000095064.1, ENSMUSG00000095081.1, ENSMUSG00000095163.1, ENSMUSG00000095191.1, ENSMUSG00000095201.2, ENSMUSG00000095273.1, ENSMUSG00000095275.1, ENSMUSG00000095309.1, ENSMUSG00000095358.1, ENSMUSG00000095383.1, ENSMUSG00000095543.2, ENSMUSG00000095619.1, ENSMUSG00000095632.2, ENSMUSG00000095745.1, ENSMUSG00000095758.1, ENSMUSG00000095768.1, ENSMUSG00000095806.1, ENSMUSG00000095837.1, ENSMUSG00000095931.1, ENSMUSG00000095962.1, ENSMUSG00000095973.1, ENSMUSG00000095984.1, ENSMUSG00000096071.1, ENSMUSG00000096073.1, ENSMUSG00000096152.1, ENSMUSG00000096164.1, ENSMUSG00000096244.1, ENSMUSG00000096304.1, ENSMUSG00000096348.1, ENSMUSG00000096386.1, ENSMUSG00000096513.1, ENSMUSG00000096601.1, ENSMUSG00000096663.1, ENSMUSG00000096737.1, ENSMUSG00000096760.1, ENSMUSG00000096761.1, ENSMUSG00000096776.1, ENSMUSG00000096813.1, ENSMUSG00000096859.2, ENSMUSG00000096871.1, ENSMUSG00000096903.1, ENSMUSG00000097425.3, ENSMUSG00000100586.2, ENSMUSG00000115021.1, ENSMUSG00000117744.1, ENSMUSG00000117863.1, ENSMUSG00000118215.1, ENSMUSG00000118298.1, ENSMUSG00000118318.1, ENSMUSG00000118388.1		
OG0000016	ENSDARG00000000103.12, ENSDARG00000001014.14, ENSDARG00000001993.9, ENSDARG00000009782.9, ENSDARG00000012944.12, ENSDARG00000035322.7, ENSDARG00000035438.9, ENSDARG00000063295.8, ENSDARG00000067990.7, ENSDARG00000067995.7, ENSDARG00000067997.6, ENSDARG00000073732.6, ENSDARG00000076075.5, ENSDARG00000079564.4, ENSDARG00000079782.7, ENSDARG00000090637.3, ENSDARG00000095217.3, ENSDARG00000095930.3, ENSDARG00000098747.2, ENSDARG00000099115.2, ENSDARG00000099959.2, ENSDARG00000100972.2, ENSDARG00000103837.2, ENSDARG00000103969.2, ENSDARG00000109512.1, ENSDARG00000110596.1, ENSDARG00000112287.1, ENSDARG00000114031.1, ENSDARG00000114591.1, ENSDARG00000114818.1, ENSDARG00000115916.1, ENSDARG00000116413.1	FBgn0264695, FBgn0265434	ENSG00000006788.14, ENSG00000078814.15, ENSG00000092054.13, ENSG00000100345.21, ENSG00000105357.17, ENSG00000109061.10, ENSG00000109063.15, ENSG00000125414.19, ENSG00000133020.4, ENSG00000133026.12, ENSG00000133392.18, ENSG00000144821.10, ENSG00000197616.12, ENSG00000264424.1, ENSG00000276480.5	ENSMUSG00000018830.10, ENSMUSG00000020900.15, ENSMUSG00000020908.14, ENSMUSG00000022443.17, ENSMUSG00000030739.18, ENSMUSG00000033196.17, ENSMUSG00000040752.16, ENSMUSG00000053093.16, ENSMUSG00000055775.16, ENSMUSG00000056328.14, ENSMUSG00000057003.12, ENSMUSG00000060180.12, ENSMUSG00000074652.3, ENSMUSG00000092009.1	ENSTRUG00000000581.2, ENSTRUG00000001884.2, ENSTRUG00000002793.2, ENSTRUG00000002856.2, ENSTRUG00000004910.2, ENSTRUG00000007797.2, ENSTRUG00000010006.2, ENSTRUG00000010806.2, ENSTRUG00000011087.2, ENSTRUG00000014699.2, ENSTRUG00000014712.2, ENSTRUG00000014763.2, ENSTRUG00000015032.2, ENSTRUG00000015194.2, ENSTRUG00000016040.2, ENSTRUG00000022223.1	ENSXETG00000002184.1, ENSXETG00000003410.1, ENSXETG00000004084.1, ENSXETG00000004298.1, ENSXETG00000005882.1, ENSXETG00000006074.1, ENSXETG00000009137.1, ENSXETG00000009197.1, ENSXETG00000009533.1, ENSXETG00000010273.1, ENSXETG00000010306.1, ENSXETG00000010941.1, ENSXETG00000011385.1, ENSXETG00000011830.1, ENSXETG00000014131.1, ENSXETG00000015761.1, ENSXETG00000017638.1, ENSXETG00000019506.1, ENSXETG00000019782.1
OG0000017	ENSDARG00000034095.7, ENSDARG00000087518.7, ENSDARG00000087714.5, ENSDARG00000087788.7, ENSDARG00000088245.5, ENSDARG00000088836.5, ENSDARG00000088870.5, ENSDARG00000089179.5, ENSDARG00000089831.5, ENSDARG00000090033.5, ENSDARG00000090192.6, ENSDARG00000090392.4, ENSDARG00000090461.5, ENSDARG00000090734.5, ENSDARG00000091381.6, ENSDARG00000091499.4, ENSDARG00000091746.6, ENSDARG00000092197.5, ENSDARG00000093803.5, ENSDARG00000095717.5, ENSDARG00000098179.2, ENSDARG00000098189.2, ENSDARG00000098383.2, ENSDARG00000098444.3, ENSDARG00000098515.2, ENSDARG00000099112.2, ENSDARG00000099262.2, ENSDARG00000099272.2, ENSDARG00000099327.2, ENSDARG00000099574.2, ENSDARG00000099775.2, ENSDARG00000099825.2, ENSDARG00000100006.3, ENSDARG00000100061.2, ENSDARG00000100164.3, ENSDARG00000100302.2, ENSDARG00000100386.2, ENSDARG00000100412.2, ENSDARG00000100464.2, ENSDARG00000100540.2, ENSDARG00000100556.2, ENSDARG00000100578.2, ENSDARG00000100654.2, ENSDARG00000101049.2, ENSDARG00000101071.2, ENSDARG00000101312.2, ENSDARG00000101351.2, ENSDARG00000101388.2, ENSDARG00000101421.2, ENSDARG00000101459.2, ENSDARG00000101469.2, ENSDARG00000101551.3, ENSDARG00000101598.2, ENSDARG00000101689.2, ENSDARG00000101695.2, ENSDARG00000101728.2, ENSDARG00000101828.3, ENSDARG00000101938.2, ENSDARG00000101992.2, ENSDARG00000101997.2, ENSDARG00000102212.2, ENSDARG00000102378.2, ENSDARG00000102475.2, ENSDARG00000102542.2, ENSDARG00000102575.2, ENSDARG00000102904.2, ENSDARG00000103143.2, ENSDARG00000103229.2, ENSDARG00000103324.2, ENSDARG00000103844.2, ENSDARG00000104064.2, ENSDARG00000104380.2, ENSDARG00000104412.2, ENSDARG00000104416.2, ENSDARG00000104502.2, ENSDARG00000104770.2, ENSDARG00000104787.2, ENSDARG00000104850.2, ENSDARG00000104897.2, ENSDARG00000104966.2, ENSDARG00000105063.2, ENSDARG00000105091.2, ENSDARG00000105095.2, ENSDARG00000105266.2, ENSDARG00000111518.1, ENSDARG00000112386.1, ENSDARG00000112632.1, ENSDARG00000112862.1, ENSDARG00000113941.1, ENSDARG00000114166.1, ENSDARG00000114461.1, ENSDARG00000114529.1, ENSDARG00000114935.1, ENSDARG00000115515.1, ENSDARG00000115894.1, ENSDARG00000116007.1, ENSDARG00000116086.1					
OG0000018	ENSDARG00000003909.11, ENSDARG00000008396.11, ENSDARG00000009161.12, ENSDARG00000018506.10, ENSDARG00000020863.9, ENSDARG00000026704.7, ENSDARG00000029105.10, ENSDARG00000030954.9, ENSDARG00000032043.11, ENSDARG00000034707.10, ENSDARG00000038646.7, ENSDARG00000039852.7, ENSDARG00000040536.9, ENSDARG00000041220.7, ENSDARG00000043850.6, ENSDARG00000053293.6, ENSDARG00000053366.8, ENSDARG00000053450.8, ENSDARG00000054153.6, ENSDARG00000055476.6, ENSDARG00000055520.7, ENSDARG00000067985.8, ENSDARG00000071238.5, ENSDARG00000073735.6, ENSDARG00000074118.5, ENSDARG00000074360.5, ENSDARG00000075355.6, ENSDARG00000076093.4, ENSDARG00000076106.5, ENSDARG00000076969.5, ENSDARG00000077412.5, ENSDARG00000078065.4, ENSDARG00000078446.5, ENSDARG00000079412.5, ENSDARG00000079537.6, ENSDARG00000079614.5, ENSDARG00000087057.5, ENSDARG00000089388.5, ENSDARG00000092023.3, ENSDARG00000092745.2, ENSDARG00000092961.3, ENSDARG00000093203.3, ENSDARG00000093651.4, ENSDARG00000093932.3, ENSDARG00000094131.3, ENSDARG00000095032.4, ENSDARG00000095083.3, ENSDARG00000095298.4, ENSDARG00000095345.3, ENSDARG00000095448.3, ENSDARG00000095609.3, ENSDARG00000095678.4, ENSDARG00000095825.3, ENSDARG00000095864.3, ENSDARG00000097373.4, ENSDARG00000097679.3, ENSDARG00000098004.2, ENSDARG00000098820.3, ENSDARG00000100250.2, ENSDARG00000101514.2, ENSDARG00000102557.2, ENSDARG00000110329.1, ENSDARG00000110400.1, ENSDARG00000110960.1, ENSDARG00000110978.1, ENSDARG00000111722.1, ENSDARG00000111935.1, ENSDARG00000112253.1, ENSDARG00000112545.1, ENSDARG00000113522.1, ENSDARG00000113917.1, ENSDARG00000114992.1, ENSDARG00000115041.1, ENSDARG00000115336.1, ENSDARG00000115401.1, ENSDARG00000115500.1, ENSDARG00000116082.1, ENSDARG00000116623.1, ENSDARG00000116989.1			ENSMUSG00000070332.4	ENSTRUG00000003968.2, ENSTRUG00000007483.2, ENSTRUG00000013492.2, ENSTRUG00000015398.2, ENSTRUG00000019855.1, ENSTRUG00000023212.1, ENSTRUG00000023646.1, ENSTRUG00000024622.1, ENSTRUG00000025185.1	ENSXETG00000008830.1
